id,businessName,ownerFirstName,ownerLastName,tradeType,city,state,zip,phone,email,website,yearsInBusiness,estimatedEmployeeCount,googleRating,reviewCount,leadScore,painSignals,status,sourceChannel,notes
tx-001,"Rodriguez Plumbing LLC",Carlos,Rodriguez,plumbing,Houston,TX,77002,7139550123,carlos@rodriguezplumbing.com,rodriguezplumbing.com,4,2,4.2,34,85,"scheduling chaos; missed invoices",cold,google_places,""
tx-002,"Harris County Plumbing",Mike,Johnson,plumbing,Houston,TX,77040,7135550198,,,7,5,4.5,89,70,"no-shows cost us money",cold,google_places,""
tx-003,"Bayou City Drain & Sewer",Derek,Williams,plumbing,Houston,TX,77006,7135550234,,bayoucitydrain.com,3,1,4.8,22,90,"solo operator no admin help",cold,facebook_group,""
tx-004,"Lone Star HVAC",James,Parker,hvac,Dallas,TX,75201,2145550145,james@lonestarhvac.com,lonestarhvac.com,6,4,4.3,67,78,"peak season chaos; double-booked",cold,google_places,""
tx-005,"DFW Electric Solutions",Tony,Martinez,electrical,Dallas,TX,75205,2145550267,,dfwelectricsolutions.com,5,3,4.6,45,82,"estimating slow; invoices late",cold,google_places,""
tx-006,"Austin Air & Heat",Brad,Thompson,hvac,Austin,TX,78701,5125550189,,austinaircool.com,2,2,4.7,18,88,"just me and one tech no office support",cold,nextdoor,""
tx-007,"Capital City Electrical",Ray,Nguyen,electrical,Austin,TX,78703,5125550312,,,8,6,4.1,112,65,"",cold,google_places,""
tx-008,"San Antonio Pipe Masters",Luis,Herrera,plumbing,San Antonio,TX,78205,2105550156,,sapipemasters.com,4,2,4.4,29,85,"parts ordering is a nightmare",cold,yelp,""
tx-009,"Alamo City HVAC",Eric,Castro,hvac,San Antonio,TX,78210,2105550234,,alamocityhvac.com,3,3,4.6,41,83,"scheduling killing us in summer",cold,google_places,""
tx-010,"Fort Worth Fast Electric",Dave,Mitchell,electrical,Fort Worth,TX,76101,8175550178,,,5,4,4.3,56,75,"invoicing takes my whole Friday",cold,facebook_group,""
tx-011,"Plano Pro Plumbing",Scott,Adams,plumbing,Plano,TX,75023,9725550134,,planoproplumbing.com,6,2,4.7,38,80,"",cold,google_places,""
tx-012,"El Paso Desert Air",Marco,Flores,hvac,El Paso,TX,79901,9155550167,,,3,2,4.5,24,86,"summer overload can't keep up",cold,google_places,""
tx-013,"Arlington Power Solutions",Kevin,Brown,electrical,Arlington,TX,76010,8175550245,,arlingtonpower.com,7,5,4.2,78,72,"missed a $4k invoice for 3 weeks",cold,yelp,""
tx-014,"Waco Waterworks",Joe,Hill,plumbing,Waco,TX,76701,2545550189,,,2,1,4.9,12,91,"solo no system running on spreadsheets",cold,nextdoor,""
tx-015,"Corpus Christi Cool Air",Hector,Reyes,hvac,Corpus Christi,TX,78401,3615550134,,cccolair.com,4,3,4.4,33,80,"",cold,google_places,""
fl-001,"Bay Area Plumbing Co",Steve,Nelson,plumbing,Tampa,FL,33601,8135550156,steve@bayareaplumbing.com,bayareaplumbing.com,5,3,4.3,52,80,"customer callbacks eating my day",cold,google_places,""
fl-002,"Sunshine State HVAC",Chris,Powell,hvac,Tampa,FL,33609,8135550278,,sunshinehvac.com,6,4,4.5,88,73,"",cold,google_places,""
fl-003,"Orange County Electric",Paul,Rivera,electrical,Orlando,FL,32801,4075550134,,orangecountyelectric.com,4,2,4.6,31,85,"parts ordering 3 phone calls last week",cold,google_places,""
fl-004,"Orlando Pipe & Drain",Jason,White,plumbing,Orlando,FL,32803,4075550267,,,3,2,4.7,19,89,"forgot to send 2 invoices in December",cold,facebook_group,""
fl-005,"Miami Breeze HVAC",Roberto,Diaz,hvac,Miami,FL,33101,3055550145,roberto@miamibreezehvac.com,miamibreezehvac.com,7,5,4.2,143,68,"needs bilingual scheduling",cold,google_places,""
fl-006,"South Beach Electric",Alex,Montoya,electrical,Miami Beach,FL,33139,3055550312,,southbeachelectric.com,5,3,4.4,47,79,"",cold,yelp,""
fl-007,"Jacksonville Flow Plumbing",Bob,Turner,plumbing,Jacksonville,FL,32204,9045550178,,,2,1,4.8,9,92,"running everything from my iPhone",cold,nextdoor,""
fl-008,"Fort Lauderdale AC Pros",Danny,Schultz,hvac,Fort Lauderdale,FL,33301,9545550234,,ftlaudacpros.com,4,3,4.5,61,81,"overbooked last hurricane season",cold,google_places,""
fl-009,"Clearwater Volt Electric",Matt,Collins,electrical,Clearwater,FL,33755,7275550167,,,3,2,4.6,28,87,"invoicing took 6 hours last Friday",cold,google_places,""
fl-010,"Sarasota Splash Plumbing",Tom,Edwards,plumbing,Sarasota,FL,34230,9415550189,,sarasotasplash.com,5,2,4.3,36,79,"",cold,yelp,""
fl-011,"Pensacola Power Electric",Gary,Lewis,electrical,Pensacola,FL,32501,8505550134,,,6,4,4.1,74,70,"bid process takes forever",cold,google_places,""
fl-012,"Palm Beach Chill HVAC",Craig,Stewart,hvac,West Palm Beach,FL,33401,5615550256,,palmbeachchillhvac.com,3,2,4.7,22,88,"just me running everything",cold,nextdoor,""
fl-013,"Gainesville Drain Masters",Phil,Harris,plumbing,Gainesville,FL,32601,3525550145,,,4,3,4.4,41,77,"double-booked last month lost a customer",cold,facebook_group,""
fl-014,"Tallahassee Watts Electric",Don,King,electrical,Tallahassee,FL,32301,8505550198,,,2,1,5,8,93,"no system at all post-its and memory",cold,google_places,""
fl-015,"Boca Cool Air Systems",Frank,Ruiz,hvac,Boca Raton,FL,33432,5615550167,,bocacoolair.com,8,6,4.2,95,65,"",cold,yelp,""
ca-001,"LA Drain Kings",Jaime,Lopez,plumbing,Los Angeles,CA,90001,3235550156,jaime@ladrainkings.com,ladrainkings.com,5,3,4.4,67,78,"traffic kills my schedule every day",cold,google_places,""
ca-002,"SoCal HVAC Specialists",Ryan,Chen,hvac,Los Angeles,CA,90025,3105550278,,socalhvac.com,6,5,4.3,104,70,"invoices pile up after a busy week",cold,google_places,""
ca-003,"Bay Area Electrical Services",Kevin,Kim,electrical,San Jose,CA,95101,4085550134,,bayareaelectrical.com,4,2,4.6,39,84,"EV charger installs tripled can't keep up",cold,yelp,""
ca-004,"Golden Gate Plumbing",Andre,Jackson,plumbing,San Francisco,CA,94102,4155550267,,,3,2,4.7,28,88,"rent is insane need to maximize every job",cold,google_places,""
ca-005,"San Diego Sun HVAC",Jorge,Mendez,hvac,San Diego,CA,92101,6195550145,jorge@sandiegosunhvac.com,sandiegosunhvac.com,7,4,4.4,82,72,"",cold,google_places,""
ca-006,"Fresno Fast Electric",Mike,Davis,electrical,Fresno,CA,93701,5595550189,,fresnofastelectric.com,2,1,4.8,11,91,"solo every second counts",cold,nextdoor,""
ca-007,"Sacramento Valley Plumbing",Tim,Wilson,plumbing,Sacramento,CA,95814,9165550234,,sacvalleyplumbing.com,5,3,4.2,53,77,"too many calls not enough techs",cold,google_places,""
ca-008,"Riverside Cool Solutions",Marcus,Thompson,hvac,Riverside,CA,92501,9515550312,,,4,3,4.5,47,80,"forgot to order a part delayed job 2 days",cold,facebook_group,""
ca-009,"Long Beach Wiring Pros",Sean,Murphy,electrical,Long Beach,CA,90802,5625550156,,longbeachwiring.com,6,4,4.1,88,68,"",cold,yelp,""
ca-010,"Anaheim Pipe Services",Ed,Garcia,plumbing,Anaheim,CA,92801,7145550178,,anaheimpipe.com,3,2,4.6,24,87,"Disneyland area keeps me slammed",cold,google_places,""
ca-011,"Oakland Power Electric",Darius,Green,electrical,Oakland,CA,94601,5105550134,,,4,2,4.5,31,84,"electrician shortage means overbooked",cold,reddit,""
ca-012,"Bakersfield HVAC Express",Stan,Moore,hvac,Bakersfield,CA,93301,6615550267,,bakersfieldHVACexpress.com,3,2,4.7,17,89,"valley heat season I need help",cold,google_places,""
ca-013,"Stockton Flow Plumbing",Victor,Cruz,plumbing,Stockton,CA,95202,2095550145,,,5,3,4.3,44,76,"",cold,google_places,""
ca-014,"San Bernardino Electric Co",Ronnie,Bell,electrical,San Bernardino,CA,92401,9095550198,,,2,1,4.9,7,93,"brand new need systems NOW",cold,nextdoor,""
ca-015,"Chula Vista Air Systems",Pablo,Torres,hvac,Chula Vista,CA,91910,6195550189,,chulavistaair.com,6,4,4.2,71,72,"border area bilingual team complex scheduling",cold,google_places,""
tx-046,"Lubbock Plumbing Specialists",Jim,Evans,plumbing,Lubbock,TX,79401,8065557229,,,6,1,4.3,100,55,"scheduling chaos",cold,reddit,""
tx-047,"Lubbock Sewer Co",Randy,Hill,plumbing,Lubbock,TX,79401,8065557747,,lubbocksewerco.com,8,6,4.4,114,35,"invoicing takes all Friday",cold,google_places,""
tx-048,"Lubbock Water Services",Pablo,Martinez,plumbing,Lubbock,TX,79401,8065554542,,lubbockwaterservices.com,5,3,4.1,100,70,"peak season overload",cold,nextdoor,""
tx-049,"Lubbock Sewer Group",Jake,Lewis,plumbing,Lubbock,TX,79401,8065552832,,lubbocksewergroup.com,1,3,4.3,104,56,"invoice payment chasing",cold,google_places,""
tx-050,"Lubbock Water LLC",Will,Roberts,plumbing,Lubbock,TX,79401,8065554650,,,1,5,4.5,84,46,"dispatch confusion",cold,bbb,""
tx-051,"Lubbock Cool Experts",Marco,Brown,hvac,Lubbock,TX,79401,8065557598,,,1,3,4,27,62,"dispatch confusion",cold,google_places,""
tx-052,"Lubbock Heat Pros",Will,Campbell,hvac,Lubbock,TX,79401,8065555632,,,2,1,3.9,18,64,"invoice payment chasing",cold,facebook_group,""
tx-053,"Lubbock Cool Pros",Jake,King,hvac,Lubbock,TX,79401,8065551488,,lubbockcoolpros.com,7,5,3.9,21,64,"no admin help",cold,reddit,""
tx-054,"Lubbock Comfort Services",Rick,Wright,hvac,Lubbock,TX,79401,8065557062,,,6,4,4.5,119,61,"dispatch confusion",cold,yelp,""
tx-055,"Lubbock Comfort LLC",Matt,Baker,hvac,Lubbock,TX,79401,8065552627,,lubbockcomfortllc.com,5,1,4.2,55,79,"scheduling chaos",cold,google_places,""
tx-056,"Lubbock Power Group",Eric,Roberts,electrical,Lubbock,TX,79401,8065557002,,lubbockpowergroup.com,6,2,4,123,64,"scheduling chaos",cold,nextdoor,""
tx-057,"Lubbock Electric Co",Jack,Wright,electrical,Lubbock,TX,79401,8065558049,,lubbockelectricco.com,7,3,4.2,27,46,"scheduling chaos",cold,facebook_group,""
tx-058,"Lubbock Wiring Solutions",Joe,Robinson,electrical,Lubbock,TX,79401,8065556891,,lubbockwiringsolutions.com,5,1,4.9,59,63,"double-booked last week",cold,google_places,""
tx-059,"Lubbock Circuits Services",Sam,Diaz,electrical,Lubbock,TX,79401,8065554232,,,4,5,4.7,27,53,"",cold,google_places,""
tx-060,"Lubbock Wiring Specialists",Jorge,Lopez,electrical,Lubbock,TX,79401,8065554825,,lubbockwiringspecialists.com,2,4,4.9,124,60,"scheduling chaos",cold,facebook_group,""
tx-061,"Laredo Sewer Services",Eric,Stewart,plumbing,Laredo,TX,78040,9565553500,,,1,5,4.9,23,46,"peak season overload",cold,yelp,""
tx-062,"Laredo Flow Services",Dan,Mitchell,plumbing,Laredo,TX,78040,9565554187,,,3,2,4.7,34,67,"dispatch confusion",cold,reddit,""
tx-063,"Laredo Sewer Experts",Kevin,Harris,plumbing,Laredo,TX,78040,9565551340,,laredosewerexperts.com,6,6,4,16,43,"parts ordering nightmare",cold,bbb,""
tx-064,"Laredo Flow Solutions",Rich,Roberts,plumbing,Laredo,TX,78040,9565551137,,laredoflowsolutions.com,3,4,4.1,78,57,"missed invoices",cold,reddit,""
tx-065,"Laredo Pipe Solutions",Gary,Moore,plumbing,Laredo,TX,78040,9565553042,,,5,5,4.7,95,55,"dispatch confusion",cold,yelp,""
tx-066,"Laredo Cool Co",Victor,Hill,hvac,Laredo,TX,78040,9565556712,,,7,1,3.9,121,60,"no admin help",cold,nextdoor,""
tx-067,"Laredo Cool Solutions",Steve,Brown,hvac,Laredo,TX,78040,9565553112,,laredocoolsolutions.com,7,1,4.4,20,43,"",cold,nextdoor,""
tx-068,"Laredo Climate Solutions",Tom,Hernandez,hvac,Laredo,TX,78040,9565552529,,laredoclimatesolutions.com,2,3,4.2,89,55,"invoicing takes all Friday",cold,nextdoor,""
tx-069,"Laredo Air Pros",Eric,Roberts,hvac,Laredo,TX,78040,9565557998,,laredoairpros.com,6,2,4.5,61,66,"peak season overload",cold,reddit,""
tx-070,"Laredo HVAC Co",Dan,Baker,hvac,Laredo,TX,78040,9565556968,,laredohvacco.com,4,4,4.5,48,50,"",cold,bbb,""
tx-071,"Laredo Electrical LLC",Frank,Powell,electrical,Laredo,TX,78040,9565554734,,laredoelectricalllc.com,1,3,4.3,47,63,"parts ordering nightmare",cold,facebook_group,""
tx-072,"Laredo Circuits Group",Luis,Roberts,electrical,Laredo,TX,78040,9565556357,,laredocircuitsgroup.com,2,1,4.8,89,72,"parts ordering nightmare",cold,yelp,""
tx-073,"Laredo Circuits LLC",Paul,Torres,electrical,Laredo,TX,78040,9565551717,,,8,3,4.1,44,55,"missed invoices",cold,google_places,""
tx-074,"Laredo Electrical Pros",Rick,Sanchez,electrical,Laredo,TX,78040,9565551933,,laredoelectricalpros.com,4,2,4.3,31,61,"invoicing takes all Friday",cold,reddit,""
tx-075,"Laredo Electric LLC",Jorge,Diaz,electrical,Laredo,TX,78040,9565552198,,laredoelectricllc.com,7,4,4.4,112,60,"dispatch confusion",cold,yelp,""
tx-076,"Garland Water Experts",Carl,Campbell,plumbing,Garland,TX,75040,9725551449,,,5,1,5,24,74,"scheduling chaos",cold,yelp,""
tx-077,"Garland Plumbing Services",Alan,Hernandez,plumbing,Garland,TX,75040,9725551146,,,7,1,4.8,31,69,"invoice payment chasing",cold,reddit,""
tx-078,"Garland Pipe Pros",Aaron,Ruiz,plumbing,Garland,TX,75040,9725555596,,garlandpipepros.com,4,3,5,90,70,"parts ordering nightmare",cold,yelp,""
tx-079,"Garland Flow Pros",Marco,Mitchell,plumbing,Garland,TX,75040,9725551961,,,6,2,4.2,15,61,"dispatch confusion",cold,nextdoor,""
tx-080,"Garland Drain Experts",Dan,Hernandez,plumbing,Garland,TX,75040,9725554627,,,2,3,4.5,117,63,"invoicing takes all Friday",cold,reddit,""
tx-081,"Garland Climate LLC",Andre,Garcia,hvac,Garland,TX,75040,9725554111,,garlandclimatellc.com,2,2,4.7,13,74,"peak season overload",cold,yelp,""
tx-082,"Garland Cool LLC",Carlos,White,hvac,Garland,TX,75040,9725551984,,garlandcoolllc.com,3,3,4.8,33,58,"invoicing takes all Friday",cold,nextdoor,""
tx-083,"Garland Cool Services",Carlos,Davis,hvac,Garland,TX,75040,9725555469,,,8,2,4.4,113,57,"invoicing takes all Friday",cold,facebook_group,""
tx-084,"Garland Air Solutions",Ray,Stewart,hvac,Garland,TX,75040,9725558617,,garlandairsolutions.com,4,1,5,108,77,"invoice payment chasing",cold,google_places,""
tx-085,"Garland Climate LLC",Will,Ruiz,hvac,Garland,TX,75040,9725553242,,,7,5,4.4,14,45,"solo operator",cold,yelp,""
tx-086,"Garland Electric Services",Alan,Smith,electrical,Garland,TX,75040,9725554742,,,7,2,4.5,7,53,"",cold,google_places,""
tx-087,"Garland Wiring LLC",Kyle,Cruz,electrical,Garland,TX,75040,9725558757,,garlandwiringllc.com,4,3,3.8,28,57,"parts ordering nightmare",cold,nextdoor,""
tx-088,"Garland Volt Co",Adrian,Torres,electrical,Garland,TX,75040,9725558943,,,7,1,3.8,95,59,"missed invoices",cold,google_places,""
tx-089,"Garland Circuits Experts",Jeff,Hall,electrical,Garland,TX,75040,9725556252,,garlandcircuitsexperts.com,6,1,4.9,58,57,"dispatch confusion",cold,nextdoor,""
tx-090,"Garland Circuits Specialists",Jack,Green,electrical,Garland,TX,75040,9725558594,,,3,3,3.9,89,57,"dispatch confusion",cold,nextdoor,""
tx-091,"Irving Drain Co",Pete,Roberts,plumbing,Irving,TX,75061,9725554264,,,6,6,4.7,32,41,"peak season overload",cold,nextdoor,""
tx-092,"Irving Plumbing Specialists",Ray,Robinson,plumbing,Irving,TX,75061,9725552560,,irvingplumbingspecialists.com,4,4,4.4,18,66,"scheduling chaos",cold,nextdoor,""
tx-093,"Irving Drain Services",Luis,Allen,plumbing,Irving,TX,75061,9725558134,,,4,3,4.7,60,53,"invoicing takes all Friday",cold,nextdoor,""
tx-094,"Irving Pipe Group",Alex,Morgan,plumbing,Irving,TX,75061,9725553677,,,2,6,4.4,123,42,"dispatch confusion",cold,bbb,""
tx-095,"Irving Drain Pros",Alex,Edwards,plumbing,Irving,TX,75061,9725551635,,,6,6,4.4,70,34,"double-booked last week",cold,yelp,""
tx-096,"Irving Climate LLC",Phil,Davis,hvac,Irving,TX,75061,9725555110,,,6,4,4.8,10,45,"solo operator",cold,reddit,""
tx-097,"Irving Temp Services",Derek,Ruiz,hvac,Irving,TX,75061,9725557696,,,3,6,3.8,70,58,"double-booked last week",cold,yelp,""
tx-098,"Irving Comfort Services",Brian,Johnson,hvac,Irving,TX,75061,9725556346,,,1,6,4.6,80,43,"dispatch confusion",cold,google_places,""
tx-099,"Irving Climate Services",Alan,Collins,hvac,Irving,TX,75061,9725551753,,irvingclimateservices.com,4,1,4.4,63,76,"scheduling chaos",cold,bbb,""
tx-100,"Irving Air Pros",John,Stewart,hvac,Irving,TX,75061,9725558280,,,1,4,4.9,5,63,"invoicing takes all Friday",cold,yelp,""
tx-101,"Irving Volt Specialists",Steve,Nelson,electrical,Irving,TX,75061,9725552678,,irvingvoltspecialists.com,4,1,4.9,48,74,"invoice payment chasing",cold,google_places,""
tx-102,"Irving Circuits Services",Andre,Nelson,electrical,Irving,TX,75061,9725554814,,,4,5,4.4,62,47,"",cold,nextdoor,""
tx-103,"Irving Wiring Specialists",Aaron,Roberts,electrical,Irving,TX,75061,9725559193,,irvingwiringspecialists.com,1,6,4,122,38,"dispatch confusion",cold,bbb,""
tx-104,"Irving Wiring Services",Ryan,Taylor,electrical,Irving,TX,75061,9725554038,,irvingwiringservices.com,6,4,4.4,54,47,"dispatch confusion",cold,nextdoor,""
tx-105,"Irving Electrical Co",Hector,Campbell,electrical,Irving,TX,75061,9725557355,,irvingelectricalco.com,6,5,4.2,32,63,"double-booked last week",cold,yelp,""
tx-106,"Amarillo Pipe Pros",Derek,Morgan,plumbing,Amarillo,TX,79101,8065559727,,,8,6,4.2,117,51,"invoicing takes all Friday",cold,yelp,""
tx-107,"Amarillo Flow Experts",Craig,Davis,plumbing,Amarillo,TX,79101,8065559847,,,2,5,4.1,76,60,"invoicing takes all Friday",cold,nextdoor,""
tx-108,"Amarillo Flow Pros",Pablo,Thomas,plumbing,Amarillo,TX,79101,8065551113,,,2,5,4.9,19,55,"",cold,bbb,""
tx-109,"Amarillo Water Experts",Jason,Parker,plumbing,Amarillo,TX,79101,8065552128,,,3,1,4.5,66,73,"parts ordering nightmare",cold,nextdoor,""
tx-110,"Amarillo Flow Group",Jose,Bell,plumbing,Amarillo,TX,79101,8065556586,,,8,2,5,67,59,"no admin help",cold,nextdoor,""
tx-111,"Amarillo Climate Solutions",Jose,Diaz,hvac,Amarillo,TX,79101,8065552947,,,8,4,3.8,73,53,"scheduling chaos",cold,yelp,""
tx-112,"Amarillo Heat Services",Adrian,Thomas,hvac,Amarillo,TX,79101,8065551444,,amarilloheatservices.com,2,1,4.6,38,67,"dispatch confusion",cold,yelp,""
tx-113,"Amarillo Climate Co",Mike,Hall,hvac,Amarillo,TX,79101,8065558364,,amarilloclimateco.com,8,4,4.6,19,61,"missed invoices",cold,facebook_group,""
tx-114,"Amarillo Heat Experts",Victor,Collins,hvac,Amarillo,TX,79101,8065555834,,,1,3,4.9,6,64,"scheduling chaos",cold,nextdoor,""
tx-115,"Amarillo Air Services",Bill,Turner,hvac,Amarillo,TX,79101,8065555017,,amarilloairservices.com,4,4,4.8,39,66,"scheduling chaos",cold,facebook_group,""
tx-116,"Amarillo Power Experts",Jim,Nguyen,electrical,Amarillo,TX,79101,8065552514,,,3,2,4.3,5,70,"no admin help",cold,google_places,""
tx-117,"Amarillo Power LLC",Bob,Torres,electrical,Amarillo,TX,79101,8065555570,,,2,5,4.7,113,63,"invoice payment chasing",cold,nextdoor,""
tx-118,"Amarillo Circuits Specialists",Ben,Williams,electrical,Amarillo,TX,79101,8065556607,,amarillocircuitsspecialists.com,7,4,4.8,23,56,"missed invoices",cold,facebook_group,""
tx-119,"Amarillo Volt Group",Tim,Williams,electrical,Amarillo,TX,79101,8065556676,,amarillovoltgroup.com,5,5,4.5,57,57,"double-booked last week",cold,facebook_group,""
tx-120,"Amarillo Circuits Co",Rich,Green,electrical,Amarillo,TX,79101,8065554043,,,6,4,4.2,82,49,"no admin help",cold,facebook_group,""
tx-121,"McKinney Sewer Specialists",Sam,Jones,plumbing,McKinney,TX,75069,9725559662,,mckinneysewerspecialists.com,6,1,3.9,53,56,"double-booked last week",cold,yelp,""
tx-122,"McKinney Sewer LLC",Mike,Cruz,plumbing,McKinney,TX,75069,9725556912,,mckinneysewerllc.com,5,5,4,61,53,"no admin help",cold,nextdoor,""
tx-123,"McKinney Sewer LLC",Jake,Lee,plumbing,McKinney,TX,75069,9725554682,,mckinneysewerllc.com,5,6,3.9,103,57,"peak season overload",cold,bbb,""
tx-124,"McKinney Flow Solutions",Alan,White,plumbing,McKinney,TX,75069,9725553856,,,7,2,4.8,12,70,"invoice payment chasing",cold,facebook_group,""
tx-125,"McKinney Water LLC",Frank,Flores,plumbing,McKinney,TX,75069,9725551819,,mckinneywaterllc.com,4,2,4.6,84,62,"no admin help",cold,facebook_group,""
tx-126,"McKinney Climate LLC",Pete,Smith,hvac,McKinney,TX,75069,9725556149,,,5,2,5,105,61,"scheduling chaos",cold,google_places,""
tx-127,"McKinney Comfort Specialists",Derek,Hall,hvac,McKinney,TX,75069,9725551099,,,4,2,4.5,82,69,"parts ordering nightmare",cold,google_places,""
tx-128,"McKinney Temp Solutions",Ryan,Lewis,hvac,McKinney,TX,75069,9725559907,,,7,4,3.9,62,43,"",cold,nextdoor,""
tx-129,"McKinney Comfort Specialists",Ed,Cooper,hvac,McKinney,TX,75069,9725555183,,mckinneycomfortspecialists.com,1,2,4.2,87,60,"invoice payment chasing",cold,facebook_group,""
tx-130,"McKinney Cool Specialists",Kyle,Hill,hvac,McKinney,TX,75069,9725553553,,mckinneycoolspecialists.com,6,4,4.5,13,53,"solo operator",cold,facebook_group,""
tx-131,"McKinney Power Co",Tony,Roberts,electrical,McKinney,TX,75069,9725551166,,mckinneypowerco.com,7,1,4.5,73,70,"invoicing takes all Friday",cold,bbb,""
tx-132,"McKinney Circuits Specialists",Tim,Hernandez,electrical,McKinney,TX,75069,9725559036,,,2,6,4.6,25,47,"invoicing takes all Friday",cold,bbb,""
tx-133,"McKinney Watts Pros",Brian,Stewart,electrical,McKinney,TX,75069,9725557686,,mckinneywattspros.com,6,2,5,53,56,"invoice payment chasing",cold,facebook_group,""
tx-134,"McKinney Watts Specialists",Matt,Castro,electrical,McKinney,TX,75069,9725553781,,,3,1,4.2,75,65,"invoicing takes all Friday",cold,bbb,""
tx-135,"McKinney Volt LLC",Ray,Hill,electrical,McKinney,TX,75069,9725557282,,,2,4,4.1,97,69,"double-booked last week",cold,yelp,""
tx-136,"Frisco Pipe Group",Chris,Clark,plumbing,Frisco,TX,75034,9725552382,,,1,3,3.9,103,58,"parts ordering nightmare",cold,nextdoor,""
tx-137,"Frisco Sewer Group",Alex,Harris,plumbing,Frisco,TX,75034,9725556805,,friscosewergroup.com,4,2,4.2,47,52,"",cold,bbb,""
tx-138,"Frisco Pipe Co",Ryan,Wilson,plumbing,Frisco,TX,75034,9725558129,,friscopipeco.com,8,3,4,36,64,"no admin help",cold,reddit,""
tx-139,"Frisco Drain Experts",Ryan,Brown,plumbing,Frisco,TX,75034,9725557909,,friscodrainexperts.com,5,5,4.3,123,56,"double-booked last week",cold,bbb,""
tx-140,"Frisco Splash Specialists",Craig,Roberts,plumbing,Frisco,TX,75034,9725555083,,,1,2,5,94,72,"invoice payment chasing",cold,yelp,""
tx-141,"Frisco Comfort Specialists",Don,Chen,hvac,Frisco,TX,75034,9725551393,,friscocomfortspecialists.com,2,2,3.8,26,63,"dispatch confusion",cold,nextdoor,""
tx-142,"Frisco Climate Co",Dave,Bell,hvac,Frisco,TX,75034,9725557209,,,1,1,4.6,103,53,"invoice payment chasing",cold,facebook_group,""
tx-143,"Frisco Air Specialists",Aaron,Cruz,hvac,Frisco,TX,75034,9725552403,,friscoairspecialists.com,5,5,4.6,51,53,"parts ordering nightmare",cold,yelp,""
tx-144,"Frisco Heat Pros",Kevin,Young,hvac,Frisco,TX,75034,9725553441,,friscoheatpros.com,5,6,3.8,122,28,"",cold,facebook_group,""
tx-145,"Frisco HVAC Services",Derek,Thomas,hvac,Frisco,TX,75034,9725558006,,friscohvacservices.com,1,5,4.3,80,64,"invoice payment chasing",cold,bbb,""
tx-146,"Frisco Circuits Services",Will,Lewis,electrical,Frisco,TX,75034,9725552758,,friscocircuitsservices.com,3,5,5,23,70,"solo operator",cold,bbb,""
tx-147,"Frisco Circuits Experts",Tim,Lee,electrical,Frisco,TX,75034,9725551174,,,4,6,4.3,84,56,"invoice payment chasing",cold,bbb,""
tx-148,"Frisco Wiring Specialists",Ed,Green,electrical,Frisco,TX,75034,9725557614,,friscowiringspecialists.com,5,6,4.4,37,55,"solo operator",cold,nextdoor,""
tx-149,"Frisco Electric Solutions",Ben,Clark,electrical,Frisco,TX,75034,9725552912,,friscoelectricsolutions.com,6,1,4,19,69,"no admin help",cold,nextdoor,""
tx-150,"Frisco Electrical Co",Kevin,White,electrical,Frisco,TX,75034,9725551275,,,3,1,4.8,6,62,"solo operator",cold,google_places,""
tx-151,"Killeen Plumbing Services",John,Parker,plumbing,Killeen,TX,76541,2545559811,,,2,4,4.2,67,66,"no admin help",cold,google_places,""
tx-152,"Killeen Drain Co",Jake,Chen,plumbing,Killeen,TX,76541,2545552602,,,6,6,4.5,112,44,"invoice payment chasing",cold,nextdoor,""
tx-153,"Killeen Plumbing Co",Carl,Robinson,plumbing,Killeen,TX,76541,2545559010,,killeenplumbingco.com,1,4,3.9,29,54,"solo operator",cold,bbb,""
tx-154,"Killeen Splash Solutions",Kyle,Hill,plumbing,Killeen,TX,76541,2545556047,,,7,6,4.1,73,18,"",cold,facebook_group,""
tx-155,"Killeen Plumbing Co",Hector,Bell,plumbing,Killeen,TX,76541,2545557098,,,1,2,4.3,46,71,"dispatch confusion",cold,google_places,""
tx-156,"Killeen Comfort Services",Eric,Johnson,hvac,Killeen,TX,76541,2545557116,,,3,5,4.7,45,56,"scheduling chaos",cold,google_places,""
tx-157,"Killeen Cool Experts",Rich,Turner,hvac,Killeen,TX,76541,2545552443,,,2,6,4.7,13,57,"invoice payment chasing",cold,facebook_group,""
tx-158,"Killeen Air Specialists",Eric,Turner,hvac,Killeen,TX,76541,2545557804,,,2,4,4.7,29,38,"",cold,nextdoor,""
tx-159,"Killeen Temp Specialists",Bob,Smith,hvac,Killeen,TX,76541,2545555932,,,1,2,4.2,38,63,"missed invoices",cold,nextdoor,""
tx-160,"Killeen Temp Solutions",Aaron,Davis,hvac,Killeen,TX,76541,2545557681,,killeentempsolutions.com,6,1,4.3,77,57,"dispatch confusion",cold,reddit,""
tx-161,"Killeen Wiring Experts",Brandon,Smith,electrical,Killeen,TX,76541,2545552348,,,2,3,3.8,68,63,"missed invoices",cold,bbb,""
tx-162,"Killeen Wiring Specialists",John,Cruz,electrical,Killeen,TX,76541,2545555430,,,2,4,4.4,51,59,"missed invoices",cold,yelp,""
tx-163,"Killeen Electrical Services",Jake,Collins,electrical,Killeen,TX,76541,2545559766,,killeenelectricalservices.com,1,6,4.1,124,44,"parts ordering nightmare",cold,yelp,""
tx-164,"Killeen Electric Solutions",Don,Smith,electrical,Killeen,TX,76541,2545558714,,killeenelectricsolutions.com,2,5,4.5,11,58,"dispatch confusion",cold,nextdoor,""
tx-165,"Killeen Electric Pros",Tony,Garcia,electrical,Killeen,TX,76541,2545554213,,killeenelectricpros.com,3,1,4.5,48,79,"peak season overload",cold,yelp,""
tx-166,"Beaumont Water Solutions",Greg,Lewis,plumbing,Beaumont,TX,77701,4095557582,,,7,1,4.5,89,64,"double-booked last week",cold,facebook_group,""
tx-167,"Beaumont Plumbing Group",John,Hernandez,plumbing,Beaumont,TX,77701,4095557836,,,6,3,3.8,10,48,"double-booked last week",cold,reddit,""
tx-168,"Beaumont Sewer Specialists",Don,Hill,plumbing,Beaumont,TX,77701,4095558795,,beaumontsewerspecialists.com,1,4,4.5,66,46,"solo operator",cold,facebook_group,""
tx-169,"Beaumont Flow LLC",Bob,Adams,plumbing,Beaumont,TX,77701,4095557912,,beaumontflowllc.com,7,3,4.6,105,45,"invoice payment chasing",cold,yelp,""
tx-170,"Beaumont Splash Solutions",Alex,Smith,plumbing,Beaumont,TX,77701,4095558200,,beaumontsplashsolutions.com,3,3,4.9,60,66,"no admin help",cold,bbb,""
tx-171,"Beaumont Cool Services",Scott,Lopez,hvac,Beaumont,TX,77701,4095559814,,beaumontcoolservices.com,4,3,4.2,104,66,"peak season overload",cold,reddit,""
tx-172,"Beaumont Comfort Experts",Andy,Edwards,hvac,Beaumont,TX,77701,4095555661,,,7,1,4.9,117,54,"parts ordering nightmare",cold,reddit,""
tx-173,"Beaumont Temp Services",Hector,White,hvac,Beaumont,TX,77701,4095557361,,,8,6,3.9,15,37,"scheduling chaos",cold,facebook_group,""
tx-174,"Beaumont Climate Solutions",Jim,Lee,hvac,Beaumont,TX,77701,4095557048,,beaumontclimatesolutions.com,2,6,4.8,113,50,"double-booked last week",cold,facebook_group,""
tx-175,"Beaumont Climate Services",Rob,Moore,hvac,Beaumont,TX,77701,4095552430,,,2,1,4,96,64,"",cold,google_places,""
tx-176,"Beaumont Circuits Co",Don,Adams,electrical,Beaumont,TX,77701,4095558095,,,2,2,4.9,107,75,"invoicing takes all Friday",cold,bbb,""
tx-177,"Beaumont Watts Experts",Andre,Adams,electrical,Beaumont,TX,77701,4095559557,,beaumontwattsexperts.com,7,4,4.5,45,30,"",cold,google_places,""
tx-178,"Beaumont Electrical Services",Don,Hernandez,electrical,Beaumont,TX,77701,4095551869,,,2,4,4.7,110,69,"parts ordering nightmare",cold,nextdoor,""
tx-179,"Beaumont Electrical Services",Jeff,Mitchell,electrical,Beaumont,TX,77701,4095555380,,,1,4,4.3,51,52,"peak season overload",cold,reddit,""
tx-180,"Beaumont Wiring Group",Mike,Jones,electrical,Beaumont,TX,77701,4095554189,,beaumontwiringgroup.com,8,6,4.9,96,42,"invoice payment chasing",cold,yelp,""
tx-181,"Midland Plumbing Experts",Ron,Morgan,plumbing,Midland,TX,79701,4325557889,,midlandplumbingexperts.com,3,2,4.7,95,70,"missed invoices",cold,reddit,""
tx-182,"Midland Plumbing LLC",Eric,Rodriguez,plumbing,Midland,TX,79701,4325551133,,,8,5,4.3,114,54,"peak season overload",cold,facebook_group,""
tx-183,"Midland Splash Specialists",Luis,Ruiz,plumbing,Midland,TX,79701,4325552489,,,4,3,4.1,123,53,"no admin help",cold,bbb,""
tx-184,"Midland Drain LLC",Rich,Thompson,plumbing,Midland,TX,79701,4325558165,,midlanddrainllc.com,3,2,3.9,88,73,"invoicing takes all Friday",cold,facebook_group,""
tx-185,"Midland Pipe LLC",Rob,Thomas,plumbing,Midland,TX,79701,4325559489,,,8,3,4.4,121,52,"missed invoices",cold,google_places,""
tx-186,"Midland Heat Pros",Scott,Castro,hvac,Midland,TX,79701,4325552486,,midlandheatpros.com,6,2,4.2,36,66,"no admin help",cold,google_places,""
tx-187,"Midland Climate Services",Rob,Hall,hvac,Midland,TX,79701,4325556109,,midlandclimateservices.com,5,2,4.5,49,59,"",cold,bbb,""
tx-188,"Midland Air Services",Jeff,Sanchez,hvac,Midland,TX,79701,4325558357,,,6,4,4.3,36,53,"solo operator",cold,google_places,""
tx-189,"Midland Temp Services",Rob,Scott,hvac,Midland,TX,79701,4325553966,,midlandtempservices.com,1,3,3.9,52,64,"peak season overload",cold,reddit,""
tx-190,"Midland Climate Co",Paul,Torres,hvac,Midland,TX,79701,4325556736,,midlandclimateco.com,8,5,4.1,106,47,"solo operator",cold,facebook_group,""
tx-191,"Midland Electric Specialists",Mike,Sanchez,electrical,Midland,TX,79701,4325552924,,midlandelectricspecialists.com,5,5,4,14,62,"peak season overload",cold,nextdoor,""
tx-192,"Midland Watts Experts",Carlos,Martinez,electrical,Midland,TX,79701,4325559923,,,6,1,4.2,96,59,"solo operator",cold,reddit,""
tx-193,"Midland Watts LLC",Joe,Parker,electrical,Midland,TX,79701,4325555457,,,1,6,4.3,50,41,"invoicing takes all Friday",cold,google_places,""
tx-194,"Midland Watts Services",Carlos,Edwards,electrical,Midland,TX,79701,4325554764,,,3,1,4.9,76,64,"invoicing takes all Friday",cold,nextdoor,""
tx-195,"Midland Electrical LLC",Steve,Mitchell,electrical,Midland,TX,79701,4325554513,,midlandelectricalllc.com,1,1,4.8,111,59,"missed invoices",cold,google_places,""
fl-196,"Naples Drain Group",Sam,Walker,plumbing,Naples,FL,34102,2395559288,,naplesdraingroup.com,8,2,4.1,25,63,"invoicing takes all Friday",cold,google_places,""
fl-197,"Naples Drain Experts",Bill,Harris,plumbing,Naples,FL,34102,2395553497,,,5,4,4.4,115,56,"dispatch confusion",cold,nextdoor,""
fl-198,"Naples Plumbing LLC",Bob,Hill,plumbing,Naples,FL,34102,2395557860,,,8,4,4.4,121,47,"",cold,facebook_group,""
fl-199,"Naples Splash Experts",Larry,Collins,plumbing,Naples,FL,34102,2395555997,,,5,1,4.3,116,65,"invoicing takes all Friday",cold,facebook_group,""
fl-200,"Naples Water Group",Eric,Lewis,plumbing,Naples,FL,34102,2395554427,,napleswatergroup.com,7,2,4.4,82,57,"missed invoices",cold,yelp,""
fl-201,"Naples Temp Solutions",Marco,Harris,hvac,Naples,FL,34102,2395552570,,naplestempsolutions.com,8,5,3.9,107,57,"peak season overload",cold,bbb,""
fl-202,"Naples Air Co",Greg,Rodriguez,hvac,Naples,FL,34102,2395553670,,,7,1,4.8,77,62,"invoicing takes all Friday",cold,bbb,""
fl-203,"Naples Climate LLC",Joe,Mitchell,hvac,Naples,FL,34102,2395557189,,,7,1,5,63,55,"dispatch confusion",cold,reddit,""
fl-204,"Naples Air Group",Brian,Powell,hvac,Naples,FL,34102,2395555781,,,6,6,3.9,18,46,"parts ordering nightmare",cold,yelp,""
fl-205,"Naples Temp Solutions",Adrian,Thomas,hvac,Naples,FL,34102,2395551055,,naplestempsolutions.com,5,5,4.6,47,64,"invoicing takes all Friday",cold,google_places,""
fl-206,"Naples Wiring Co",Andre,Brown,electrical,Naples,FL,34102,2395556274,,napleswiringco.com,3,4,3.8,17,58,"solo operator",cold,yelp,""
fl-207,"Naples Electric Solutions",Brandon,Jones,electrical,Naples,FL,34102,2395552708,,napleselectricsolutions.com,5,3,4.1,91,70,"invoice payment chasing",cold,reddit,""
fl-208,"Naples Watts Group",Rick,Taylor,electrical,Naples,FL,34102,2395559123,,,7,5,4.4,56,58,"missed invoices",cold,yelp,""
fl-209,"Naples Electrical Group",Sam,Morgan,electrical,Naples,FL,34102,2395556627,,,8,6,4.8,93,45,"no admin help",cold,reddit,""
fl-210,"Naples Wiring Solutions",John,Mitchell,electrical,Naples,FL,34102,2395555224,,napleswiringsolutions.com,3,6,4.9,35,46,"peak season overload",cold,yelp,""
fl-211,"Daytona Beach Drain Group",Aaron,Evans,plumbing,Daytona Beach,FL,32114,3865555571,,,5,1,4.1,47,76,"dispatch confusion",cold,google_places,""
fl-212,"Daytona Beach Water LLC",Rich,Castro,plumbing,Daytona Beach,FL,32114,3865552770,,,5,6,4.3,41,52,"invoice payment chasing",cold,yelp,""
fl-213,"Daytona Beach Sewer Experts",Jason,Hill,plumbing,Daytona Beach,FL,32114,3865557883,,daytonabeachsewerexperts.com,2,1,4.3,37,50,"",cold,bbb,""
fl-214,"Daytona Beach Pipe Experts",Dan,Martinez,plumbing,Daytona Beach,FL,32114,3865557639,,,2,2,4.1,118,72,"double-booked last week",cold,yelp,""
fl-215,"Daytona Beach Water Co",James,Lopez,plumbing,Daytona Beach,FL,32114,3865559976,,,1,6,4.7,11,42,"scheduling chaos",cold,bbb,""
fl-216,"Daytona Beach Climate Solutions",Aaron,Williams,hvac,Daytona Beach,FL,32114,3865556003,,daytonabeachclimatesolutions.com,8,1,4.9,49,68,"no admin help",cold,facebook_group,""
fl-217,"Daytona Beach Air Services",Don,Thomas,hvac,Daytona Beach,FL,32114,3865558215,,daytonabeachairservices.com,5,6,4.2,85,41,"parts ordering nightmare",cold,bbb,""
fl-218,"Daytona Beach HVAC Experts",Greg,Lee,hvac,Daytona Beach,FL,32114,3865558536,,,1,1,4.7,8,65,"solo operator",cold,nextdoor,""
fl-219,"Daytona Beach Air LLC",Mike,Baker,hvac,Daytona Beach,FL,32114,3865557377,,daytonabeachairllc.com,3,6,4.6,88,45,"peak season overload",cold,bbb,""
fl-220,"Daytona Beach Comfort LLC",Dan,Wilson,hvac,Daytona Beach,FL,32114,3865553320,,daytonabeachcomfortllc.com,3,3,4.7,74,70,"scheduling chaos",cold,bbb,""
fl-221,"Daytona Beach Watts Services",Ray,Baker,electrical,Daytona Beach,FL,32114,3865557545,,daytonabeachwattsservices.com,2,3,4.8,5,71,"no admin help",cold,nextdoor,""
fl-222,"Daytona Beach Watts LLC",Steve,Johnson,electrical,Daytona Beach,FL,32114,3865553552,,daytonabeachwattsllc.com,5,5,4.7,108,56,"missed invoices",cold,facebook_group,""
fl-223,"Daytona Beach Circuits Group",Aaron,Taylor,electrical,Daytona Beach,FL,32114,3865551784,,daytonabeachcircuitsgroup.com,7,6,4.7,63,45,"parts ordering nightmare",cold,google_places,""
fl-224,"Daytona Beach Circuits Experts",Ray,Bell,electrical,Daytona Beach,FL,32114,3865556409,,daytonabeachcircuitsexperts.com,7,1,4,71,72,"double-booked last week",cold,google_places,""
fl-225,"Daytona Beach Wiring Solutions",Marco,Diaz,electrical,Daytona Beach,FL,32114,3865559267,,daytonabeachwiringsolutions.com,4,4,3.9,29,58,"invoice payment chasing",cold,nextdoor,""
fl-226,"Lakeland Flow Solutions",John,White,plumbing,Lakeland,FL,33801,8635558868,,lakelandflowsolutions.com,6,1,4,111,65,"invoice payment chasing",cold,bbb,""
fl-227,"Lakeland Drain Services",Josh,Parker,plumbing,Lakeland,FL,33801,8635553819,,,8,1,4.8,107,68,"invoicing takes all Friday",cold,nextdoor,""
fl-228,"Lakeland Splash Specialists",Eric,Stewart,plumbing,Lakeland,FL,33801,8635559509,,lakelandsplashspecialists.com,3,5,4.6,31,67,"peak season overload",cold,yelp,""
fl-229,"Lakeland Plumbing Pros",Larry,Jones,plumbing,Lakeland,FL,33801,8635554500,,,7,2,4.4,50,54,"missed invoices",cold,facebook_group,""
fl-230,"Lakeland Plumbing Experts",Sean,Ruiz,plumbing,Lakeland,FL,33801,8635555475,,lakelandplumbingexperts.com,3,1,4.2,95,64,"no admin help",cold,reddit,""
fl-231,"Lakeland HVAC Pros",Jason,Sanchez,hvac,Lakeland,FL,33801,8635553377,,,3,2,4.3,114,68,"invoicing takes all Friday",cold,nextdoor,""
fl-232,"Lakeland Air LLC",Jim,Thompson,hvac,Lakeland,FL,33801,8635554553,,lakelandairllc.com,4,1,4.1,79,63,"peak season overload",cold,google_places,""
fl-233,"Lakeland Air Solutions",Ron,Robinson,hvac,Lakeland,FL,33801,8635555332,,,4,4,4,100,62,"missed invoices",cold,bbb,""
fl-234,"Lakeland Air Solutions",Luis,Robinson,hvac,Lakeland,FL,33801,8635551339,,lakelandairsolutions.com,7,2,4.5,73,68,"dispatch confusion",cold,google_places,""
fl-235,"Lakeland HVAC Group",Marco,Lewis,hvac,Lakeland,FL,33801,8635557327,,,7,3,4.1,95,56,"solo operator",cold,nextdoor,""
fl-236,"Lakeland Wiring Services",Carl,Johnson,electrical,Lakeland,FL,33801,8635553519,,,5,6,4.7,47,44,"scheduling chaos",cold,reddit,""
fl-237,"Lakeland Circuits Pros",Rob,Cruz,electrical,Lakeland,FL,33801,8635556666,,,8,4,4.7,102,45,"invoicing takes all Friday",cold,google_places,""
fl-238,"Lakeland Power Specialists",Luis,Hall,electrical,Lakeland,FL,33801,8635555133,,,5,2,3.8,33,63,"scheduling chaos",cold,facebook_group,""
fl-239,"Lakeland Circuits Experts",Bob,Baker,electrical,Lakeland,FL,33801,8635559527,,,7,4,3.9,71,48,"invoicing takes all Friday",cold,yelp,""
fl-240,"Lakeland Circuits Services",Jason,Baker,electrical,Lakeland,FL,33801,8635556519,,lakelandcircuitsservices.com,1,2,5,109,40,"",cold,reddit,""
fl-241,"Pompano Beach Water Specialists",Andre,Evans,plumbing,Pompano Beach,FL,33060,9545552735,,pompanobeachwaterspecialists.com,2,1,4,100,70,"scheduling chaos",cold,yelp,""
fl-242,"Pompano Beach Splash Group",Adrian,King,plumbing,Pompano Beach,FL,33060,9545551649,,pompanobeachsplashgroup.com,5,1,4.3,52,76,"peak season overload",cold,google_places,""
fl-243,"Pompano Beach Splash Specialists",Paul,Perez,plumbing,Pompano Beach,FL,33060,9545551234,,pompanobeachsplashspecialists.com,5,1,3.9,30,77,"dispatch confusion",cold,yelp,""
fl-244,"Pompano Beach Splash Co",Victor,Edwards,plumbing,Pompano Beach,FL,33060,9545558857,,,1,4,4.1,5,59,"missed invoices",cold,yelp,""
fl-245,"Pompano Beach Flow Co",Carlos,Hill,plumbing,Pompano Beach,FL,33060,9545559482,,pompanobeachflowco.com,1,2,4.9,39,61,"invoice payment chasing",cold,google_places,""
fl-246,"Pompano Beach Climate Specialists",Jorge,Carter,hvac,Pompano Beach,FL,33060,9545552812,,pompanobeachclimatespecialists.com,1,3,4,70,54,"dispatch confusion",cold,google_places,""
fl-247,"Pompano Beach Climate Solutions",Aaron,Jones,hvac,Pompano Beach,FL,33060,9545556930,,pompanobeachclimatesolutions.com,1,3,4.1,121,64,"missed invoices",cold,reddit,""
fl-248,"Pompano Beach Temp Pros",Jack,Robinson,hvac,Pompano Beach,FL,33060,9545559934,,,1,5,4.1,76,54,"invoicing takes all Friday",cold,bbb,""
fl-249,"Pompano Beach Climate Experts",Brian,Edwards,hvac,Pompano Beach,FL,33060,9545552641,,pompanobeachclimateexperts.com,5,1,4,30,68,"invoice payment chasing",cold,nextdoor,""
fl-250,"Pompano Beach Temp Experts",Joe,Hernandez,hvac,Pompano Beach,FL,33060,9545553021,,pompanobeachtempexperts.com,8,1,4.3,71,64,"parts ordering nightmare",cold,yelp,""
fl-251,"Pompano Beach Volt LLC",Marco,Campbell,electrical,Pompano Beach,FL,33060,9545554980,,,6,1,4.8,82,64,"no admin help",cold,reddit,""
fl-252,"Pompano Beach Wiring Experts",Ray,Collins,electrical,Pompano Beach,FL,33060,9545555396,,pompanobeachwiringexperts.com,6,6,4.8,56,35,"",cold,facebook_group,""
fl-253,"Pompano Beach Electric Specialists",Carlos,Wright,electrical,Pompano Beach,FL,33060,9545557804,,pompanobeachelectricspecialists.com,6,2,3.9,48,61,"dispatch confusion",cold,nextdoor,""
fl-254,"Pompano Beach Electrical Pros",Jose,Clark,electrical,Pompano Beach,FL,33060,9545558611,,,6,1,4.8,57,62,"parts ordering nightmare",cold,google_places,""
fl-255,"Pompano Beach Power LLC",Craig,Turner,electrical,Pompano Beach,FL,33060,9545551125,,,4,1,4.7,16,61,"double-booked last week",cold,bbb,""
fl-256,"Hollywood Flow Pros",Ron,Castro,plumbing,Hollywood,FL,33020,9545558407,,,1,4,4.2,58,45,"parts ordering nightmare",cold,google_places,""
fl-257,"Hollywood Sewer Services",Alex,Castro,plumbing,Hollywood,FL,33020,9545554387,,,7,1,4.1,122,53,"no admin help",cold,facebook_group,""
fl-258,"Hollywood Drain Co",Chris,Edwards,plumbing,Hollywood,FL,33020,9545553875,,hollywooddrainco.com,3,3,4.8,120,54,"invoice payment chasing",cold,facebook_group,""
fl-259,"Hollywood Drain Services",Gary,Clark,plumbing,Hollywood,FL,33020,9545552073,,,8,4,4.3,90,54,"no admin help",cold,bbb,""
fl-260,"Hollywood Pipe Group",Brian,Moore,plumbing,Hollywood,FL,33020,9545553605,,hollywoodpipegroup.com,6,2,4.3,18,72,"dispatch confusion",cold,google_places,""
fl-261,"Hollywood HVAC Specialists",Carlos,Walker,hvac,Hollywood,FL,33020,9545554527,,hollywoodhvacspecialists.com,5,4,4.6,50,70,"dispatch confusion",cold,nextdoor,""
fl-262,"Hollywood Comfort Co",Derek,Scott,hvac,Hollywood,FL,33020,9545555929,,hollywoodcomfortco.com,5,4,4.4,36,67,"invoicing takes all Friday",cold,reddit,""
fl-263,"Hollywood HVAC Pros",Joe,Wilson,hvac,Hollywood,FL,33020,9545556305,,hollywoodhvacpros.com,7,3,4.2,31,52,"peak season overload",cold,nextdoor,""
fl-264,"Hollywood Comfort Specialists",Kevin,Chen,hvac,Hollywood,FL,33020,9545554837,,,1,1,4.2,70,69,"peak season overload",cold,bbb,""
fl-265,"Hollywood Air LLC",Derek,Wright,hvac,Hollywood,FL,33020,9545552890,,,2,6,4,74,49,"solo operator",cold,facebook_group,""
fl-266,"Hollywood Electric LLC",Ed,Stewart,electrical,Hollywood,FL,33020,9545558838,,,1,6,3.8,94,34,"double-booked last week",cold,facebook_group,""
fl-267,"Hollywood Wiring Specialists",Craig,Powell,electrical,Hollywood,FL,33020,9545553850,,,1,5,4.4,79,50,"scheduling chaos",cold,reddit,""
fl-268,"Hollywood Electric Pros",Alan,Diaz,electrical,Hollywood,FL,33020,9545559761,,,8,3,3.9,24,46,"no admin help",cold,bbb,""
fl-269,"Hollywood Electric Pros",Brian,Bell,electrical,Hollywood,FL,33020,9545553341,,hollywoodelectricpros.com,4,2,4.7,24,72,"no admin help",cold,reddit,""
fl-270,"Hollywood Electric LLC",Pete,Adams,electrical,Hollywood,FL,33020,9545559169,,hollywoodelectricllc.com,2,6,4,105,47,"solo operator",cold,nextdoor,""
fl-271,"Cape Coral Splash Pros",Tom,Castro,plumbing,Cape Coral,FL,33990,2395557775,,capecoralsplashpros.com,3,3,4.4,102,48,"",cold,google_places,""
fl-272,"Cape Coral Water Specialists",Carl,Lewis,plumbing,Cape Coral,FL,33990,2395555158,,,4,5,4.7,45,66,"scheduling chaos",cold,google_places,""
fl-273,"Cape Coral Pipe LLC",Larry,Evans,plumbing,Cape Coral,FL,33990,2395552154,,,1,6,5,124,44,"missed invoices",cold,nextdoor,""
fl-274,"Cape Coral Splash Co",Kyle,Smith,plumbing,Cape Coral,FL,33990,2395551839,,capecoralsplashco.com,2,6,4,40,47,"scheduling chaos",cold,facebook_group,""
fl-275,"Cape Coral Water Solutions",Dave,Morgan,plumbing,Cape Coral,FL,33990,2395552022,,,2,2,4.5,93,77,"parts ordering nightmare",cold,reddit,""
fl-276,"Cape Coral Air Specialists",Will,Collins,hvac,Cape Coral,FL,33990,2395557890,,,4,5,4.9,61,70,"invoice payment chasing",cold,reddit,""
fl-277,"Cape Coral HVAC Solutions",Don,Allen,hvac,Cape Coral,FL,33990,2395556644,,,7,5,5,92,48,"invoice payment chasing",cold,facebook_group,""
fl-278,"Cape Coral Cool Pros",Sean,Cruz,hvac,Cape Coral,FL,33990,2395552127,,,7,1,4.7,98,61,"solo operator",cold,yelp,""
fl-279,"Cape Coral Air Pros",Phil,Flores,hvac,Cape Coral,FL,33990,2395554033,,,8,4,4.3,74,46,"double-booked last week",cold,bbb,""
fl-280,"Cape Coral Comfort Pros",Gary,Murphy,hvac,Cape Coral,FL,33990,2395553314,,capecoralcomfortpros.com,4,6,4,65,41,"no admin help",cold,yelp,""
fl-281,"Cape Coral Power Services",Bill,Castro,electrical,Cape Coral,FL,33990,2395556455,,capecoralpowerservices.com,1,2,4.6,113,54,"no admin help",cold,bbb,""
fl-282,"Cape Coral Volt Pros",Andre,Morgan,electrical,Cape Coral,FL,33990,2395558377,,capecoralvoltpros.com,5,6,4,111,50,"no admin help",cold,yelp,""
fl-283,"Cape Coral Circuits Co",Ray,Murphy,electrical,Cape Coral,FL,33990,2395558180,,,2,3,4.6,23,65,"invoicing takes all Friday",cold,reddit,""
fl-284,"Cape Coral Wiring Specialists",Will,Wright,electrical,Cape Coral,FL,33990,2395551616,,,2,3,4.5,114,61,"parts ordering nightmare",cold,bbb,""
fl-285,"Cape Coral Electric Group",Will,Lopez,electrical,Cape Coral,FL,33990,2395559094,,capecoralelectricgroup.com,3,4,4.2,76,44,"",cold,google_places,""
fl-286,"Port St Lucie Sewer LLC",Sean,Hernandez,plumbing,Port St Lucie,FL,34952,7725558894,,,3,3,4.7,21,53,"parts ordering nightmare",cold,yelp,""
fl-287,"Port St Lucie Splash Pros",Jim,Thompson,plumbing,Port St Lucie,FL,34952,7725551668,,portstluciesplashpros.com,5,5,4.4,41,70,"double-booked last week",cold,bbb,""
fl-288,"Port St Lucie Pipe Services",Bill,Collins,plumbing,Port St Lucie,FL,34952,7725552385,,portstluciepipeservices.com,8,2,4.1,8,56,"dispatch confusion",cold,reddit,""
fl-289,"Port St Lucie Plumbing Solutions",Eric,Davis,plumbing,Port St Lucie,FL,34952,7725556044,,,2,1,3.8,58,76,"invoice payment chasing",cold,yelp,""
fl-290,"Port St Lucie Sewer Services",Dan,Ruiz,plumbing,Port St Lucie,FL,34952,7725558697,,,6,5,4.9,108,37,"",cold,facebook_group,""
fl-291,"Port St Lucie Temp LLC",Bill,Harris,hvac,Port St Lucie,FL,34952,7725551247,,,2,2,4.8,7,67,"no admin help",cold,bbb,""
fl-292,"Port St Lucie Heat Co",Aaron,Robinson,hvac,Port St Lucie,FL,34952,7725559810,,portstlucieheatco.com,1,4,4.3,103,51,"invoicing takes all Friday",cold,reddit,""
fl-293,"Port St Lucie Temp Solutions",Jack,Brown,hvac,Port St Lucie,FL,34952,7725558972,,portstlucietempsolutions.com,1,2,4.8,104,65,"dispatch confusion",cold,nextdoor,""
fl-294,"Port St Lucie Temp Group",Gary,Rodriguez,hvac,Port St Lucie,FL,34952,7725551957,,,2,3,4.9,17,60,"solo operator",cold,bbb,""
fl-295,"Port St Lucie Comfort Group",Ron,Green,hvac,Port St Lucie,FL,34952,7725556556,,portstluciecomfortgroup.com,5,6,4.8,53,43,"",cold,yelp,""
fl-296,"Port St Lucie Volt Co",Chris,King,electrical,Port St Lucie,FL,34952,7725558940,,,3,6,3.9,56,45,"invoicing takes all Friday",cold,google_places,""
fl-297,"Port St Lucie Electric Pros",Bob,Robinson,electrical,Port St Lucie,FL,34952,7725557038,,portstlucieelectricpros.com,8,1,4.5,74,60,"dispatch confusion",cold,facebook_group,""
fl-298,"Port St Lucie Power Co",Jose,Sanchez,electrical,Port St Lucie,FL,34952,7725553748,,portstluciepowerco.com,8,4,4.4,112,45,"missed invoices",cold,nextdoor,""
fl-299,"Port St Lucie Power LLC",Steve,Turner,electrical,Port St Lucie,FL,34952,7725555971,,portstluciepowerllc.com,1,4,4.3,66,52,"invoice payment chasing",cold,google_places,""
fl-300,"Port St Lucie Power Solutions",Paul,Scott,electrical,Port St Lucie,FL,34952,7725553515,,,2,2,4.2,48,71,"solo operator",cold,reddit,""
fl-301,"Ocala Pipe Group",Randy,Clark,plumbing,Ocala,FL,34471,3525559644,,ocalapipegroup.com,1,4,4.4,73,54,"invoice payment chasing",cold,reddit,""
fl-302,"Ocala Plumbing Services",Jack,Evans,plumbing,Ocala,FL,34471,3525554705,,ocalaplumbingservices.com,2,1,4.3,40,79,"invoice payment chasing",cold,google_places,""
fl-303,"Ocala Drain Co",Tony,Thomas,plumbing,Ocala,FL,34471,3525555535,,,6,4,4,36,62,"parts ordering nightmare",cold,facebook_group,""
fl-304,"Ocala Drain Solutions",Alan,Perez,plumbing,Ocala,FL,34471,3525552457,,ocaladrainsolutions.com,5,5,4.6,85,66,"missed invoices",cold,yelp,""
fl-305,"Ocala Sewer Specialists",Mike,Ruiz,plumbing,Ocala,FL,34471,3525551438,,ocalasewerspecialists.com,3,4,4.9,59,62,"dispatch confusion",cold,nextdoor,""
fl-306,"Ocala Heat Co",Jake,Cooper,hvac,Ocala,FL,34471,3525554755,,,3,1,5,84,62,"peak season overload",cold,yelp,""
fl-307,"Ocala Climate Experts",Mike,Nelson,hvac,Ocala,FL,34471,3525557590,,,2,2,4.9,107,60,"solo operator",cold,google_places,""
fl-308,"Ocala Temp Services",Kyle,Wright,hvac,Ocala,FL,34471,3525555684,,ocalatempservices.com,7,2,3.9,99,56,"solo operator",cold,facebook_group,""
fl-309,"Ocala Temp Pros",Jack,Carter,hvac,Ocala,FL,34471,3525554941,,,6,6,4.9,29,39,"parts ordering nightmare",cold,google_places,""
fl-310,"Ocala HVAC LLC",Kyle,Roberts,hvac,Ocala,FL,34471,3525557183,,,3,3,4.1,98,65,"invoicing takes all Friday",cold,facebook_group,""
fl-311,"Ocala Watts Specialists",Phil,Taylor,electrical,Ocala,FL,34471,3525553145,,,4,2,4,19,68,"dispatch confusion",cold,reddit,""
fl-312,"Ocala Wiring Pros",Pablo,Parker,electrical,Ocala,FL,34471,3525552445,,,2,4,4.4,13,70,"invoicing takes all Friday",cold,bbb,""
fl-313,"Ocala Power Services",Josh,Walker,electrical,Ocala,FL,34471,3525558617,,ocalapowerservices.com,2,4,4.9,106,54,"no admin help",cold,facebook_group,""
fl-314,"Ocala Watts Experts",Luis,Baker,electrical,Ocala,FL,34471,3525557202,,,4,3,4.2,33,52,"solo operator",cold,yelp,""
fl-315,"Ocala Electrical Services",Scott,Turner,electrical,Ocala,FL,34471,3525552933,,ocalaelectricalservices.com,2,5,4.7,35,66,"invoicing takes all Friday",cold,bbb,""
fl-316,"Deltona Splash Services",Will,Baker,plumbing,Deltona,FL,32725,3865555860,,,8,5,4.1,76,64,"parts ordering nightmare",cold,yelp,""
fl-317,"Deltona Drain Services",Jim,Lewis,plumbing,Deltona,FL,32725,3865558366,,deltonadrainservices.com,7,2,4.6,106,59,"peak season overload",cold,facebook_group,""
fl-318,"Deltona Sewer Specialists",Ray,Davis,plumbing,Deltona,FL,32725,3865556801,,,2,5,4.8,82,53,"dispatch confusion",cold,nextdoor,""
fl-319,"Deltona Pipe Solutions",Tim,Allen,plumbing,Deltona,FL,32725,3865555393,,deltonapipesolutions.com,3,1,4.3,29,65,"double-booked last week",cold,google_places,""
fl-320,"Deltona Drain Pros",Scott,Moore,plumbing,Deltona,FL,32725,3865559079,,deltonadrainpros.com,4,6,4.8,89,58,"missed invoices",cold,nextdoor,""
fl-321,"Deltona Air Co",Doug,Williams,hvac,Deltona,FL,32725,3865559877,,deltonaairco.com,3,2,4.1,28,68,"double-booked last week",cold,reddit,""
fl-322,"Deltona Comfort Specialists",Kyle,Adams,hvac,Deltona,FL,32725,3865553746,,deltonacomfortspecialists.com,7,2,4.8,83,69,"no admin help",cold,nextdoor,""
fl-323,"Deltona HVAC Co",Victor,Chen,hvac,Deltona,FL,32725,3865559747,,,5,6,3.9,95,42,"peak season overload",cold,reddit,""
fl-324,"Deltona Heat Co",Bill,Carter,hvac,Deltona,FL,32725,3865558755,,deltonaheatco.com,4,1,3.9,22,61,"scheduling chaos",cold,reddit,""
fl-325,"Deltona Heat LLC",Greg,Stewart,hvac,Deltona,FL,32725,3865553069,,deltonaheatllc.com,3,3,4.5,14,59,"no admin help",cold,google_places,""
fl-326,"Deltona Circuits Pros",Ben,Sanchez,electrical,Deltona,FL,32725,3865555740,,deltonacircuitspros.com,1,3,4.3,61,52,"double-booked last week",cold,nextdoor,""
fl-327,"Deltona Circuits Pros",Andy,Smith,electrical,Deltona,FL,32725,3865559294,,deltonacircuitspros.com,2,4,4,22,41,"",cold,reddit,""
fl-328,"Deltona Electrical Co",Bill,Moore,electrical,Deltona,FL,32725,3865554928,,deltonaelectricalco.com,3,2,4.6,20,63,"",cold,facebook_group,""
fl-329,"Deltona Wiring Solutions",Rob,Mitchell,electrical,Deltona,FL,32725,3865556034,,,8,5,4.5,47,48,"peak season overload",cold,bbb,""
fl-330,"Deltona Electric Experts",Ryan,Lewis,electrical,Deltona,FL,32725,3865558552,,,4,2,5,42,75,"peak season overload",cold,nextdoor,""
fl-331,"St Petersburg Drain Pros",Gary,Rodriguez,plumbing,St Petersburg,FL,33701,7275559735,,,3,4,4,90,56,"missed invoices",cold,facebook_group,""
fl-332,"St Petersburg Water Group",Frank,Edwards,plumbing,St Petersburg,FL,33701,7275552183,,,6,3,4,78,48,"double-booked last week",cold,yelp,""
fl-333,"St Petersburg Plumbing LLC",Frank,Clark,plumbing,St Petersburg,FL,33701,7275557349,,stpetersburgplumbingllc.com,7,5,4.8,46,64,"invoice payment chasing",cold,yelp,""
fl-334,"St Petersburg Drain Co",Alan,Bell,plumbing,St Petersburg,FL,33701,7275555160,,,4,5,4.9,25,54,"invoicing takes all Friday",cold,google_places,""
fl-335,"St Petersburg Drain LLC",Luis,Nguyen,plumbing,St Petersburg,FL,33701,7275553683,,,7,5,4,63,62,"scheduling chaos",cold,nextdoor,""
fl-336,"St Petersburg Climate Experts",Victor,Diaz,hvac,St Petersburg,FL,33701,7275551071,,,6,6,4.2,60,35,"no admin help",cold,yelp,""
fl-337,"St Petersburg Heat Co",Scott,Cooper,hvac,St Petersburg,FL,33701,7275554453,,,3,3,4.3,62,60,"invoice payment chasing",cold,bbb,""
fl-338,"St Petersburg Air Group",Ben,Flores,hvac,St Petersburg,FL,33701,7275553647,,stpetersburgairgroup.com,3,2,4.1,37,65,"double-booked last week",cold,google_places,""
fl-339,"St Petersburg Temp Solutions",Rich,Nelson,hvac,St Petersburg,FL,33701,7275555308,,stpetersburgtempsolutions.com,2,6,4.6,49,55,"scheduling chaos",cold,reddit,""
fl-340,"St Petersburg Climate Experts",Josh,Collins,hvac,St Petersburg,FL,33701,7275556016,,,5,6,3.9,83,59,"invoice payment chasing",cold,yelp,""
fl-341,"St Petersburg Circuits Services",Doug,Scott,electrical,St Petersburg,FL,33701,7275551774,,stpetersburgcircuitsservices.com,7,5,4.3,122,36,"",cold,nextdoor,""
fl-342,"St Petersburg Volt Solutions",Bill,Mitchell,electrical,St Petersburg,FL,33701,7275557586,,stpetersburgvoltsolutions.com,8,2,4.7,13,58,"solo operator",cold,nextdoor,""
fl-343,"St Petersburg Power Services",Phil,Lewis,electrical,St Petersburg,FL,33701,7275559692,,stpetersburgpowerservices.com,7,1,4.1,33,53,"invoice payment chasing",cold,google_places,""
fl-344,"St Petersburg Watts Solutions",Don,Lewis,electrical,St Petersburg,FL,33701,7275555492,,stpetersburgwattssolutions.com,5,2,4.9,18,61,"solo operator",cold,google_places,""
fl-345,"St Petersburg Electric Co",Mark,King,electrical,St Petersburg,FL,33701,7275553595,,,7,6,4.1,7,37,"scheduling chaos",cold,bbb,""
ca-346,"Modesto Flow LLC",Tony,Morgan,plumbing,Modesto,CA,95354,2095552633,,,3,5,4.7,41,44,"",cold,reddit,""
ca-347,"Modesto Plumbing Co",Craig,Roberts,plumbing,Modesto,CA,95354,2095557582,,modestoplumbingco.com,5,4,3.9,96,69,"peak season overload",cold,yelp,""
ca-348,"Modesto Drain Specialists",Brian,Flores,plumbing,Modesto,CA,95354,2095551316,,modestodrainspecialists.com,4,5,4.2,37,65,"dispatch confusion",cold,bbb,""
ca-349,"Modesto Plumbing Group",Doug,Edwards,plumbing,Modesto,CA,95354,2095551080,,modestoplumbinggroup.com,4,6,4.3,72,52,"missed invoices",cold,bbb,""
ca-350,"Modesto Flow Pros",Ray,Young,plumbing,Modesto,CA,95354,2095552970,,modestoflowpros.com,1,3,4.5,13,51,"invoice payment chasing",cold,yelp,""
ca-351,"Modesto Cool Pros",Andre,White,hvac,Modesto,CA,95354,2095552423,,,3,6,4.6,68,45,"invoice payment chasing",cold,google_places,""
ca-352,"Modesto HVAC Co",Sam,Perez,hvac,Modesto,CA,95354,2095554438,,modestohvacco.com,8,1,4,26,54,"peak season overload",cold,yelp,""
ca-353,"Modesto Temp Group",Rick,Hernandez,hvac,Modesto,CA,95354,2095555830,,,6,5,4.9,59,46,"parts ordering nightmare",cold,bbb,""
ca-354,"Modesto Cool LLC",James,Jones,hvac,Modesto,CA,95354,2095559131,,modestocoolllc.com,1,3,4.5,68,62,"solo operator",cold,nextdoor,""
ca-355,"Modesto Cool Experts",Rob,Edwards,hvac,Modesto,CA,95354,2095557948,,modestocoolexperts.com,6,6,4.7,99,46,"invoice payment chasing",cold,reddit,""
ca-356,"Modesto Volt Services",Andre,Scott,electrical,Modesto,CA,95354,2095556297,,,2,3,3.9,20,52,"no admin help",cold,nextdoor,""
ca-357,"Modesto Power LLC",Adrian,Ruiz,electrical,Modesto,CA,95354,2095556076,,,5,2,5,33,55,"",cold,reddit,""
ca-358,"Modesto Circuits Co",Rob,Baker,electrical,Modesto,CA,95354,2095553947,,,7,5,4,25,46,"",cold,facebook_group,""
ca-359,"Modesto Volt Pros",Ed,Murphy,electrical,Modesto,CA,95354,2095557664,,,1,6,4.2,38,37,"no admin help",cold,nextdoor,""
ca-360,"Modesto Electric Group",Phil,Mitchell,electrical,Modesto,CA,95354,2095558409,,modestoelectricgroup.com,8,6,4.8,81,46,"missed invoices",cold,reddit,""
ca-361,"Oxnard Splash Specialists",Randy,Taylor,plumbing,Oxnard,CA,93030,8055553344,,oxnardsplashspecialists.com,4,3,3.8,122,58,"double-booked last week",cold,bbb,""
ca-362,"Oxnard Water Solutions",Rich,Clark,plumbing,Oxnard,CA,93030,8055553682,,oxnardwatersolutions.com,4,6,4.1,38,59,"parts ordering nightmare",cold,nextdoor,""
ca-363,"Oxnard Pipe Experts",Carl,Bell,plumbing,Oxnard,CA,93030,8055557852,,oxnardpipeexperts.com,7,5,4.6,78,53,"no admin help",cold,bbb,""
ca-364,"Oxnard Flow Specialists",Andre,Robinson,plumbing,Oxnard,CA,93030,8055553394,,,1,6,3.9,102,47,"double-booked last week",cold,yelp,""
ca-365,"Oxnard Water Co",Joe,Taylor,plumbing,Oxnard,CA,93030,8055552233,,oxnardwaterco.com,4,3,4,18,53,"double-booked last week",cold,bbb,""
ca-366,"Oxnard Heat Pros",Ed,Sanchez,hvac,Oxnard,CA,93030,8055555171,,,3,4,4,74,56,"no admin help",cold,yelp,""
ca-367,"Oxnard Heat Services",Adrian,Garcia,hvac,Oxnard,CA,93030,8055558974,,,5,4,4.5,67,67,"invoicing takes all Friday",cold,reddit,""
ca-368,"Oxnard Temp Services",Rich,Ruiz,hvac,Oxnard,CA,93030,8055557349,,,1,2,4.9,26,67,"dispatch confusion",cold,google_places,""
ca-369,"Oxnard Air Group",Jose,Nelson,hvac,Oxnard,CA,93030,8055554537,,,5,1,4.3,94,72,"parts ordering nightmare",cold,bbb,""
ca-370,"Oxnard Comfort LLC",Pete,Castro,hvac,Oxnard,CA,93030,8055555785,,oxnardcomfortllc.com,3,4,4.1,114,56,"peak season overload",cold,facebook_group,""
ca-371,"Oxnard Watts Experts",Greg,Roberts,electrical,Oxnard,CA,93030,8055559185,,,5,1,4.2,29,73,"missed invoices",cold,facebook_group,""
ca-372,"Oxnard Circuits Group",Rob,Jackson,electrical,Oxnard,CA,93030,8055559782,,oxnardcircuitsgroup.com,6,6,4.8,115,37,"peak season overload",cold,facebook_group,""
ca-373,"Oxnard Wiring Specialists",Doug,Rivera,electrical,Oxnard,CA,93030,8055559426,,,3,2,4.2,81,66,"missed invoices",cold,facebook_group,""
ca-374,"Oxnard Electric Pros",Adrian,Hill,electrical,Oxnard,CA,93030,8055552928,,,1,3,4.6,119,51,"scheduling chaos",cold,facebook_group,""
ca-375,"Oxnard Electric LLC",Tony,Nelson,electrical,Oxnard,CA,93030,8055558394,,,5,4,4.6,33,61,"double-booked last week",cold,reddit,""
ca-376,"Fontana Sewer Services",Rick,Jackson,plumbing,Fontana,CA,92335,9095555141,,,2,6,4.6,51,42,"peak season overload",cold,facebook_group,""
ca-377,"Fontana Flow Services",Mark,Thompson,plumbing,Fontana,CA,92335,9095554219,,,4,6,4,74,59,"invoice payment chasing",cold,google_places,""
ca-378,"Fontana Splash Services",Kevin,Wilson,plumbing,Fontana,CA,92335,9095553129,,fontanasplashservices.com,2,2,4.9,29,78,"invoicing takes all Friday",cold,yelp,""
ca-379,"Fontana Sewer Pros",Aaron,Taylor,plumbing,Fontana,CA,92335,9095557226,,,2,5,4.6,30,62,"invoice payment chasing",cold,facebook_group,""
ca-380,"Fontana Drain Specialists",Gary,Lopez,plumbing,Fontana,CA,92335,9095559109,,,6,6,4.8,117,40,"scheduling chaos",cold,reddit,""
ca-381,"Fontana Comfort Pros",Bob,Cruz,hvac,Fontana,CA,92335,9095559655,,fontanacomfortpros.com,3,4,4.6,37,60,"dispatch confusion",cold,reddit,""
ca-382,"Fontana Air Co",Scott,Thompson,hvac,Fontana,CA,92335,9095557039,,fontanaairco.com,6,5,4.6,96,57,"parts ordering nightmare",cold,facebook_group,""
ca-383,"Fontana Cool Co",Chris,Mitchell,hvac,Fontana,CA,92335,9095554029,,fontanacoolco.com,3,3,4.1,6,58,"scheduling chaos",cold,yelp,""
ca-384,"Fontana Temp Pros",Mike,Roberts,hvac,Fontana,CA,92335,9095555093,,,2,6,4.7,63,55,"missed invoices",cold,google_places,""
ca-385,"Fontana Air Experts",Larry,Rivera,hvac,Fontana,CA,92335,9095555463,,fontanaairexperts.com,3,5,4.6,42,67,"dispatch confusion",cold,google_places,""
ca-386,"Fontana Electrical Co",Larry,Mitchell,electrical,Fontana,CA,92335,9095556567,,,8,6,4.7,22,45,"invoicing takes all Friday",cold,nextdoor,""
ca-387,"Fontana Watts Co",Tim,Taylor,electrical,Fontana,CA,92335,9095551222,,,4,1,4.2,112,79,"invoicing takes all Friday",cold,google_places,""
ca-388,"Fontana Watts Specialists",Rob,Perez,electrical,Fontana,CA,92335,9095554365,,,2,5,4.1,82,66,"dispatch confusion",cold,reddit,""
ca-389,"Fontana Watts Group",Jim,King,electrical,Fontana,CA,92335,9095554148,,,6,4,4.8,90,58,"no admin help",cold,google_places,""
ca-390,"Fontana Watts Specialists",Brian,Young,electrical,Fontana,CA,92335,9095557771,,fontanawattsspecialists.com,6,3,4.7,68,55,"missed invoices",cold,google_places,""
ca-391,"Moreno Valley Drain Group",Chris,Cooper,plumbing,Moreno Valley,CA,92551,9515553525,,morenovalleydraingroup.com,4,5,4.4,98,56,"missed invoices",cold,bbb,""
ca-392,"Moreno Valley Plumbing LLC",Carl,Morgan,plumbing,Moreno Valley,CA,92551,9515552522,,,7,2,4.1,64,51,"",cold,reddit,""
ca-393,"Moreno Valley Splash Specialists",Kevin,Baker,plumbing,Moreno Valley,CA,92551,9515552248,,,2,4,5,100,64,"double-booked last week",cold,google_places,""
ca-394,"Moreno Valley Sewer Specialists",Joe,Lopez,plumbing,Moreno Valley,CA,92551,9515559168,,,3,5,4,23,62,"invoicing takes all Friday",cold,reddit,""
ca-395,"Moreno Valley Plumbing Specialists",Sam,Brown,plumbing,Moreno Valley,CA,92551,9515551510,,morenovalleyplumbingspecialists.com,6,5,4.9,91,54,"double-booked last week",cold,bbb,""
ca-396,"Moreno Valley Temp Experts",Randy,Torres,hvac,Moreno Valley,CA,92551,9515557291,,morenovalleytempexperts.com,3,2,3.9,50,77,"solo operator",cold,reddit,""
ca-397,"Moreno Valley Climate Services",Paul,Wilson,hvac,Moreno Valley,CA,92551,9515553077,,morenovalleyclimateservices.com,5,6,4.1,99,47,"no admin help",cold,facebook_group,""
ca-398,"Moreno Valley Climate LLC",Marco,Hernandez,hvac,Moreno Valley,CA,92551,9515558676,,morenovalleyclimatellc.com,1,5,4.9,104,50,"missed invoices",cold,google_places,""
ca-399,"Moreno Valley Temp Solutions",Ryan,Murphy,hvac,Moreno Valley,CA,92551,9515556257,,,2,3,4.7,120,67,"parts ordering nightmare",cold,bbb,""
ca-400,"Moreno Valley Cool Experts",Josh,Rodriguez,hvac,Moreno Valley,CA,92551,9515554253,,morenovalleycoolexperts.com,3,6,5,93,52,"invoice payment chasing",cold,reddit,""
ca-401,"Moreno Valley Circuits LLC",Jorge,Smith,electrical,Moreno Valley,CA,92551,9515552086,,morenovalleycircuitsllc.com,3,3,4.5,33,61,"parts ordering nightmare",cold,facebook_group,""
ca-402,"Moreno Valley Volt Group",Alex,Ruiz,electrical,Moreno Valley,CA,92551,9515552239,,morenovalleyvoltgroup.com,3,4,4.7,16,60,"no admin help",cold,reddit,""
ca-403,"Moreno Valley Power Group",Adrian,Walker,electrical,Moreno Valley,CA,92551,9515553168,,,3,3,4.7,34,57,"parts ordering nightmare",cold,yelp,""
ca-404,"Moreno Valley Power Experts",Sean,Ruiz,electrical,Moreno Valley,CA,92551,9515558622,,,5,3,4.2,68,52,"dispatch confusion",cold,yelp,""
ca-405,"Moreno Valley Electrical Group",Eric,Clark,electrical,Moreno Valley,CA,92551,9515552041,,,5,1,4.3,86,64,"invoice payment chasing",cold,bbb,""
ca-406,"Glendale Water Solutions",Derek,White,plumbing,Glendale,CA,91201,8185555301,,glendalewatersolutions.com,7,6,4.4,110,39,"invoice payment chasing",cold,yelp,""
ca-407,"Glendale Flow Co",Steve,Adams,plumbing,Glendale,CA,91201,8185553801,,,6,4,4.5,119,55,"solo operator",cold,google_places,""
ca-408,"Glendale Sewer Services",Brian,Garcia,plumbing,Glendale,CA,91201,8185556729,,,2,1,4.2,43,65,"solo operator",cold,nextdoor,""
ca-409,"Glendale Flow Solutions",Ryan,Jones,plumbing,Glendale,CA,91201,8185552802,,glendaleflowsolutions.com,1,4,4,71,59,"solo operator",cold,google_places,""
ca-410,"Glendale Water Specialists",Sean,Campbell,plumbing,Glendale,CA,91201,8185551752,,glendalewaterspecialists.com,7,6,4.3,47,52,"missed invoices",cold,nextdoor,""
ca-411,"Glendale Air LLC",Andy,Lewis,hvac,Glendale,CA,91201,8185553239,,glendaleairllc.com,2,4,5,6,58,"invoice payment chasing",cold,facebook_group,""
ca-412,"Glendale Heat Co",Andy,Rodriguez,hvac,Glendale,CA,91201,8185555889,,,4,6,4,75,40,"peak season overload",cold,nextdoor,""
ca-413,"Glendale Comfort Co",Jason,Garcia,hvac,Glendale,CA,91201,8185559920,,,8,4,4.5,80,46,"invoicing takes all Friday",cold,nextdoor,""
ca-414,"Glendale Air LLC",Ron,Morgan,hvac,Glendale,CA,91201,8185555218,,,8,4,4.9,95,49,"no admin help",cold,reddit,""
ca-415,"Glendale Climate Specialists",Brandon,Hall,hvac,Glendale,CA,91201,8185555759,,,4,4,4.1,55,71,"scheduling chaos",cold,facebook_group,""
ca-416,"Glendale Volt Specialists",Hector,Cruz,electrical,Glendale,CA,91201,8185551907,,,5,6,3.8,63,30,"",cold,reddit,""
ca-417,"Glendale Wiring Co",Alan,Stewart,electrical,Glendale,CA,91201,8185553061,,glendalewiringco.com,5,6,4.8,38,49,"scheduling chaos",cold,facebook_group,""
ca-418,"Glendale Wiring Solutions",Rick,Evans,electrical,Glendale,CA,91201,8185556214,,,5,6,4.7,93,52,"parts ordering nightmare",cold,nextdoor,""
ca-419,"Glendale Circuits Services",Brandon,Robinson,electrical,Glendale,CA,91201,8185552464,,glendalecircuitsservices.com,4,5,4,95,64,"parts ordering nightmare",cold,facebook_group,""
ca-420,"Glendale Power Group",Andre,Diaz,electrical,Glendale,CA,91201,8185557602,,,6,6,4.6,99,34,"dispatch confusion",cold,nextdoor,""
ca-421,"Huntington Beach Plumbing Solutions",Jose,Powell,plumbing,Huntington Beach,CA,92647,7145552969,,huntingtonbeachplumbingsolutions.com,8,4,4.3,42,51,"dispatch confusion",cold,nextdoor,""
ca-422,"Huntington Beach Water Co",Mike,Clark,plumbing,Huntington Beach,CA,92647,7145552519,,huntingtonbeachwaterco.com,6,6,4.2,65,40,"double-booked last week",cold,reddit,""
ca-423,"Huntington Beach Water Solutions",Chris,Rivera,plumbing,Huntington Beach,CA,92647,7145555445,,huntingtonbeachwatersolutions.com,5,4,4.8,48,61,"parts ordering nightmare",cold,reddit,""
ca-424,"Huntington Beach Splash Pros",Bill,Cruz,plumbing,Huntington Beach,CA,92647,7145558057,,,6,2,4.7,77,66,"peak season overload",cold,google_places,""
ca-425,"Huntington Beach Drain Co",Hector,Jones,plumbing,Huntington Beach,CA,92647,7145556053,,huntingtonbeachdrainco.com,7,4,4,113,57,"peak season overload",cold,reddit,""
ca-426,"Huntington Beach Climate Solutions",Carlos,Perez,hvac,Huntington Beach,CA,92647,7145557961,,,2,2,4.4,38,73,"dispatch confusion",cold,reddit,""
ca-427,"Huntington Beach Climate Group",Ben,Thompson,hvac,Huntington Beach,CA,92647,7145552652,,huntingtonbeachclimategroup.com,3,2,4,105,61,"peak season overload",cold,google_places,""
ca-428,"Huntington Beach Comfort Services",Tony,Jackson,hvac,Huntington Beach,CA,92647,7145558594,,huntingtonbeachcomfortservices.com,5,4,4,101,60,"double-booked last week",cold,yelp,""
ca-429,"Huntington Beach Climate Group",Rick,Jones,hvac,Huntington Beach,CA,92647,7145553692,,huntingtonbeachclimategroup.com,7,2,4.6,52,72,"double-booked last week",cold,google_places,""
ca-430,"Huntington Beach Cool LLC",James,Williams,hvac,Huntington Beach,CA,92647,7145558914,,,7,6,3.9,109,41,"missed invoices",cold,google_places,""
ca-431,"Huntington Beach Circuits Experts",John,Davis,electrical,Huntington Beach,CA,92647,7145554181,,huntingtonbeachcircuitsexperts.com,6,3,4.4,113,61,"solo operator",cold,bbb,""
ca-432,"Huntington Beach Circuits Co",Dan,White,electrical,Huntington Beach,CA,92647,7145559915,,,1,6,4.6,58,44,"scheduling chaos",cold,facebook_group,""
ca-433,"Huntington Beach Wiring Services",Will,Lewis,electrical,Huntington Beach,CA,92647,7145555010,,huntingtonbeachwiringservices.com,5,6,4,120,49,"invoicing takes all Friday",cold,nextdoor,""
ca-434,"Huntington Beach Watts Solutions",Phil,Davis,electrical,Huntington Beach,CA,92647,7145551481,,,2,1,4.7,76,73,"parts ordering nightmare",cold,google_places,""
ca-435,"Huntington Beach Power Group",Brandon,Nguyen,electrical,Huntington Beach,CA,92647,7145551512,,huntingtonbeachpowergroup.com,8,1,4.5,86,41,"",cold,nextdoor,""
ca-436,"Santa Ana Pipe Solutions",Adrian,Walker,plumbing,Santa Ana,CA,92701,7145551577,,santaanapipesolutions.com,6,1,4.9,121,51,"",cold,reddit,""
ca-437,"Santa Ana Water Group",Pablo,Adams,plumbing,Santa Ana,CA,92701,7145557177,,santaanawatergroup.com,2,1,4.7,78,63,"invoice payment chasing",cold,facebook_group,""
ca-438,"Santa Ana Plumbing Group",Jake,Williams,plumbing,Santa Ana,CA,92701,7145553366,,santaanaplumbinggroup.com,5,6,4.4,83,57,"missed invoices",cold,reddit,""
ca-439,"Santa Ana Sewer Pros",Larry,Torres,plumbing,Santa Ana,CA,92701,7145557730,,,4,6,4.1,20,52,"solo operator",cold,bbb,""
ca-440,"Santa Ana Drain Services",Pete,Young,plumbing,Santa Ana,CA,92701,7145551020,,santaanadrainservices.com,5,5,4.7,25,52,"double-booked last week",cold,facebook_group,""
ca-441,"Santa Ana Comfort Co",Jim,Perez,hvac,Santa Ana,CA,92701,7145553858,,,7,1,4.9,33,60,"invoice payment chasing",cold,nextdoor,""
ca-442,"Santa Ana HVAC Services",Sean,Collins,hvac,Santa Ana,CA,92701,7145554181,,santaanahvacservices.com,2,1,4.5,110,62,"solo operator",cold,yelp,""
ca-443,"Santa Ana HVAC Group",Matt,Wilson,hvac,Santa Ana,CA,92701,7145551255,,,4,4,3.9,15,66,"invoicing takes all Friday",cold,facebook_group,""
ca-444,"Santa Ana Temp Specialists",Hector,Carter,hvac,Santa Ana,CA,92701,7145552712,,santaanatempspecialists.com,2,2,4,69,70,"missed invoices",cold,nextdoor,""
ca-445,"Santa Ana Air Solutions",Craig,Allen,hvac,Santa Ana,CA,92701,7145557425,,,7,1,5,81,64,"missed invoices",cold,nextdoor,""
ca-446,"Santa Ana Wiring Experts",Gary,Parker,electrical,Santa Ana,CA,92701,7145551011,,santaanawiringexperts.com,8,3,4.4,94,54,"invoicing takes all Friday",cold,facebook_group,""
ca-447,"Santa Ana Watts Specialists",Randy,Johnson,electrical,Santa Ana,CA,92701,7145556269,,,5,6,4.3,113,52,"solo operator",cold,yelp,""
ca-448,"Santa Ana Watts LLC",James,Taylor,electrical,Santa Ana,CA,92701,7145557416,,,3,6,4.4,64,43,"no admin help",cold,facebook_group,""
ca-449,"Santa Ana Power Specialists",Eric,Hill,electrical,Santa Ana,CA,92701,7145552750,,,2,5,4.9,54,54,"",cold,reddit,""
ca-450,"Santa Ana Electric Pros",Ron,Rivera,electrical,Santa Ana,CA,92701,7145555505,,santaanaelectricpros.com,8,2,4.5,31,57,"solo operator",cold,google_places,""
ca-451,"Irvine Sewer Pros",Will,Thomas,plumbing,Irvine,CA,92618,9495552169,,,1,5,3.9,77,50,"no admin help",cold,nextdoor,""
ca-452,"Irvine Water Pros",Larry,Johnson,plumbing,Irvine,CA,92618,9495552909,,,6,3,4.2,33,47,"dispatch confusion",cold,bbb,""
ca-453,"Irvine Flow Services",Andy,Baker,plumbing,Irvine,CA,92618,9495554920,,irvineflowservices.com,3,5,4.9,91,67,"missed invoices",cold,google_places,""
ca-454,"Irvine Splash Solutions",Carlos,Murphy,plumbing,Irvine,CA,92618,9495557147,,,2,5,4.3,9,41,"",cold,google_places,""
ca-455,"Irvine Sewer LLC",Andre,Bell,plumbing,Irvine,CA,92618,9495552379,,,2,4,4.7,42,63,"parts ordering nightmare",cold,yelp,""
ca-456,"Irvine Cool LLC",Alex,Sanchez,hvac,Irvine,CA,92618,9495552688,,,3,2,3.9,94,49,"",cold,bbb,""
ca-457,"Irvine Air Pros",Luis,Rivera,hvac,Irvine,CA,92618,9495555888,,,1,4,4.9,111,33,"",cold,nextdoor,""
ca-458,"Irvine Heat LLC",Scott,Diaz,hvac,Irvine,CA,92618,9495558892,,,7,1,4.4,100,72,"dispatch confusion",cold,bbb,""
ca-459,"Irvine Air Experts",Kevin,White,hvac,Irvine,CA,92618,9495559165,,,2,2,4.3,10,69,"invoicing takes all Friday",cold,nextdoor,""
ca-460,"Irvine Climate Services",Andy,Sanchez,hvac,Irvine,CA,92618,9495552943,,,3,6,4.5,101,47,"peak season overload",cold,yelp,""
ca-461,"Irvine Electric Experts",Phil,Flores,electrical,Irvine,CA,92618,9495553211,,irvineelectricexperts.com,1,6,4.1,71,38,"peak season overload",cold,facebook_group,""
ca-462,"Irvine Wiring Pros",Luis,Castro,electrical,Irvine,CA,92618,9495552470,,irvinewiringpros.com,6,1,4.5,118,60,"peak season overload",cold,reddit,""
ca-463,"Irvine Watts LLC",Larry,Evans,electrical,Irvine,CA,92618,9495553247,,,4,2,4.7,107,68,"peak season overload",cold,google_places,""
ca-464,"Irvine Circuits Services",Greg,Moore,electrical,Irvine,CA,92618,9495552341,,irvinecircuitsservices.com,2,1,3.9,116,70,"no admin help",cold,reddit,""
ca-465,"Irvine Wiring Services",Brian,Mitchell,electrical,Irvine,CA,92618,9495556950,,irvinewiringservices.com,7,2,3.8,59,67,"invoicing takes all Friday",cold,bbb,""
ca-466,"Escondido Pipe Co",Ed,Mitchell,plumbing,Escondido,CA,92025,7605555021,,escondidopipeco.com,1,2,4.2,98,72,"peak season overload",cold,yelp,""
ca-467,"Escondido Drain Experts",Jason,Hall,plumbing,Escondido,CA,92025,7605555336,,escondidodrainexperts.com,8,3,4.8,21,52,"parts ordering nightmare",cold,yelp,""
ca-468,"Escondido Plumbing Solutions",Paul,Allen,plumbing,Escondido,CA,92025,7605554094,,,5,3,4.4,73,53,"peak season overload",cold,bbb,""
ca-469,"Escondido Drain Experts",Larry,Diaz,plumbing,Escondido,CA,92025,7605559655,,,1,3,4.8,51,40,"",cold,facebook_group,""
ca-470,"Escondido Flow Pros",Randy,Lopez,plumbing,Escondido,CA,92025,7605557741,,,1,6,4.6,100,48,"missed invoices",cold,facebook_group,""
ca-471,"Escondido HVAC Experts",Carlos,Cruz,hvac,Escondido,CA,92025,7605551251,,escondidohvacexperts.com,2,2,4.9,36,69,"parts ordering nightmare",cold,yelp,""
ca-472,"Escondido Heat Solutions",Mark,Hernandez,hvac,Escondido,CA,92025,7605554818,,,8,1,4.9,5,62,"solo operator",cold,bbb,""
ca-473,"Escondido Heat Solutions",Hector,Williams,hvac,Escondido,CA,92025,7605551031,,,1,1,4.5,115,65,"peak season overload",cold,nextdoor,""
ca-474,"Escondido Air Specialists",John,Hall,hvac,Escondido,CA,92025,7605557746,,,3,1,4.4,11,66,"scheduling chaos",cold,facebook_group,""
ca-475,"Escondido Temp Co",Jose,Harris,hvac,Escondido,CA,92025,7605555923,,escondidotempco.com,5,4,4.8,62,60,"double-booked last week",cold,nextdoor,""
ca-476,"Escondido Watts Co",Rich,Thomas,electrical,Escondido,CA,92025,7605559908,,escondidowattsco.com,2,4,4.1,68,56,"solo operator",cold,nextdoor,""
ca-477,"Escondido Power Pros",Scott,King,electrical,Escondido,CA,92025,7605558143,,,5,3,4.3,69,67,"invoicing takes all Friday",cold,facebook_group,""
ca-478,"Escondido Electric Services",Kyle,Jackson,electrical,Escondido,CA,92025,7605551432,,,5,3,4.1,8,63,"parts ordering nightmare",cold,yelp,""
ca-479,"Escondido Watts Group",Randy,Stewart,electrical,Escondido,CA,92025,7605556808,,escondidowattsgroup.com,1,3,4.2,100,60,"parts ordering nightmare",cold,nextdoor,""
ca-480,"Escondido Power Co",Dan,Thompson,electrical,Escondido,CA,92025,7605554027,,,3,6,5,68,41,"solo operator",cold,google_places,""
ca-481,"Pomona Flow LLC",Tom,Baker,plumbing,Pomona,CA,91766,9095551490,,pomonaflowllc.com,8,4,4.8,109,60,"missed invoices",cold,bbb,""
ca-482,"Pomona Plumbing Pros",Bill,Perez,plumbing,Pomona,CA,91766,9095554576,,pomonaplumbingpros.com,6,5,4.7,75,45,"dispatch confusion",cold,yelp,""
ca-483,"Pomona Sewer Specialists",Ben,Young,plumbing,Pomona,CA,91766,9095551844,,pomonasewerspecialists.com,5,4,4,48,57,"scheduling chaos",cold,yelp,""
ca-484,"Pomona Plumbing LLC",John,Wright,plumbing,Pomona,CA,91766,9095552537,,,5,3,4.4,59,60,"no admin help",cold,google_places,""
ca-485,"Pomona Plumbing Group",Ben,Hill,plumbing,Pomona,CA,91766,9095553314,,pomonaplumbinggroup.com,5,2,4.1,11,64,"scheduling chaos",cold,facebook_group,""
ca-486,"Pomona Comfort Specialists",Andre,Carter,hvac,Pomona,CA,91766,9095555734,,,8,5,4.2,48,64,"parts ordering nightmare",cold,facebook_group,""
ca-487,"Pomona Climate Co",Kyle,Baker,hvac,Pomona,CA,91766,9095558269,,,2,5,4.3,22,69,"invoice payment chasing",cold,yelp,""
ca-488,"Pomona HVAC Pros",Rob,Robinson,hvac,Pomona,CA,91766,9095557278,,,1,3,4.8,48,43,"",cold,bbb,""
ca-489,"Pomona Climate LLC",Jack,Davis,hvac,Pomona,CA,91766,9095552736,,,5,4,4.1,14,60,"solo operator",cold,nextdoor,""
ca-490,"Pomona Cool Co",Andy,Green,hvac,Pomona,CA,91766,9095558726,,pomonacoolco.com,5,4,4.5,64,66,"double-booked last week",cold,nextdoor,""
ca-491,"Pomona Electrical Solutions",Phil,Garcia,electrical,Pomona,CA,91766,9095554493,,pomonaelectricalsolutions.com,8,2,4.3,46,64,"invoicing takes all Friday",cold,facebook_group,""
ca-492,"Pomona Electric Co",Joe,Martinez,electrical,Pomona,CA,91766,9095552837,,,7,2,5,71,38,"",cold,yelp,""
ca-493,"Pomona Circuits Solutions",Andre,Hall,electrical,Pomona,CA,91766,9095551163,,pomonacircuitssolutions.com,4,6,4.6,59,55,"dispatch confusion",cold,reddit,""
ca-494,"Pomona Volt LLC",Victor,Thompson,electrical,Pomona,CA,91766,9095553652,,,6,6,3.9,107,27,"",cold,nextdoor,""
ca-495,"Pomona Wiring Services",Sean,Thomas,electrical,Pomona,CA,91766,9095553753,,pomonawiringservices.com,1,4,4,81,46,"peak season overload",cold,google_places,""
